{
  "pppoe": {
    "enabled": false,
    "username": "",
    "password": "",
    "interface": "eth0",
    "mtu": 1492,
    "auto_connect": false
  },
  "bridge": {
    "enabled": false,
    "name": "br0",
    "interfaces": [
      "eth0",
      "eth1"
    ],
    "ip_address": "192.168.1.1",
    "netmask": "255.255.255.0",
    "gateway": "192.168.1.254"
  },
  "vlan": {
    "enabled": false,
    "interface": "eth0",
    "vlans": [
      {
        "id": 10,
        "name": "vlan10",
        "ip": "192.168.10.1/24"
      },
      {
        "id": 20,
        "name": "vlan20",
        "ip": "192.168.20.1/24"
      }
    ]
  },
  "firewall": {
    "enabled": true,
    "default_policy": {
      "input": "DROP",
      "output": "ACCEPT",
      "forward": "DROP"
    },
    "rules": [
      {
        "chain": "INPUT",
        "protocol": "tcp",
        "dport": "80",
        "action": "ACCEPT",
        "comment": "HTTP"
      },
      {
        "chain": "INPUT",
        "protocol": "tcp",
        "dport": "443",
        "action": "ACCEPT",
        "comment": "HTTPS"
      },
      {
        "chain": "INPUT",
        "protocol": "tcp",
        "dport": "53",
        "action": "ACCEPT",
        "comment": "DNS"
      },
      {
        "chain": "INPUT",
        "protocol": "udp",
        "dport": "53",
        "action": "ACCEPT",
        "comment": "DNS UDP"
      },
      {
        "chain": "INPUT",
        "protocol": "tcp",
        "dport": "22",
        "action": "ACCEPT",
        "comment": "SSH"
      },
      {
        "chain": "INPUT",
        "protocol": "tcp",
        "dport": "3000",
        "action": "ACCEPT",
        "comment": "Web Panel"
      },
      {
        "chain": "INPUT",
        "protocol": "tcp",
        "dport": "3002",
        "action": "ACCEPT",
        "comment": "AI Panel"
      },
      {
        "chain": "INPUT",
        "protocol": "tcp",
        "dport": "3003",
        "action": "ACCEPT",
        "comment": "Remote Access"
      }
    ]
  },
  "qos": {
    "enabled": false,
    "upload_speed": "100mbit",
    "download_speed": "100mbit",
    "classes": [
      {
        "name": "high_priority",
        "rate": "20mbit",
        "ceil": "30mbit",
        "priority": 1
      },
      {
        "name": "normal",
        "rate": "50mbit",
        "ceil": "80mbit",
        "priority": 2
      },
      {
        "name": "low_priority",
        "rate": "10mbit",
        "ceil": "20mbit",
        "priority": 3
      }
    ]
  },
  "dhcp": {
    "enabled": true,
    "interface": "br0",
    "range_start": "192.168.1.100",
    "range_end": "192.168.1.200",
    "lease_time": "12h",
    "gateway": "192.168.1.1",
    "dns_servers": [
      "192.168.1.1",
      "8.8.8.8"
    ]
  },
  "routing": {
    "static_routes": [],
    "nat": {
      "enabled": true,
      "masquerade_interfaces": [
        "ppp0"
      ]
    }
  }
}