{
  "system": {
    "name": "InvictusDNS AI System",
    "version": "1.0.0",
    "log_level": "INFO",
    "data_directory": "data/",
    "model_directory": "models/"
  },
  "agents": {
    "coordination_interval": 30,
    "max_agents": 20,
    "auto_scaling": true
  },
  "ai_core": {
    "online_learning": true,
    "continuous_learning": true,
    "external_services": {}
  },
  "web_interface": {
    "enabled": true,
    "host": "localhost",
    "port": 8080,
    "debug": false
  },
  "security": {
    "auto_response": true,
    "threat_thresholds": {
      "suspicious_connections": 10,
      "failed_logins": 5
    }
  },
  "network": {
    "load_balancing": true,
    "monitoring_interval": 30
  },
  "learning": {
    "adaptive_learning": true,
    "retrain_interval": 3600
  },
  "automation": {
    "max_concurrent_rules": 10,
    "auto_response": true
  },
  "analytics": {
    "data_retention_days": 90,
    "analysis_interval": 300
  },
  "communication": {
    "message_queue_size": 1000,
    "retry_attempts": 3
  }
}
